{
  "CauchyNet": {
    "mae_mean": 0.0199738722294569,
    "mae_median": 0.011922627687454224,
    "mae_max": 0.15716765820980072,
    "params": 128
  },
  "SIREN": {
    "mae_mean": 0.07467751950025558,
    "mae_median": 0.05637332797050476,
    "mae_max": 0.32762497663497925,
    "params": 193
  },
  "FNN": {
    "mae_mean": 0.18440581858158112,
    "mae_median": 0.1769835203886032,
    "mae_max": 0.4747864305973053,
    "params": 193
  },
  "N-BEATS": {
    "mae_mean": 0.18402299284934998,
    "mae_median": 0.17737740278244019,
    "mae_max": 0.6667133569717407,
    "params": 204
  }
}