{
  "Paper 1D": {
    "20": {
      "circle_r1p5": [
        0.05563473869115114,
        0.017687994639316553
      ],
      "circle_r1p1": [
        0.058544378355145456,
        0.018009150785083545
      ],
      "ellipse": [
        0.053134223259985444,
        0.032428724153011755
      ],
      "vanilla": [
        0.057953713461756706,
        0.01781056359321519
      ],
      "fnn": [
        0.05436519347131252,
        0.021943632357844058
      ]
    },
    "25": {
      "circle_r1p5": [
        0.051566403917968275,
        0.015815298411145824
      ],
      "circle_r1p1": [
        0.04570984542369842,
        0.013620138977777207
      ],
      "ellipse": [
        0.0380400400608778,
        0.026017391418441584
      ],
      "vanilla": [
        0.050159582495689393,
        0.013951706447014177
      ],
      "fnn": [
        0.04283488690853119,
        0.012022702816763488
      ]
    },
    "30": {
      "circle_r1p5": [
        0.04434274034574628,
        0.021888149774153473
      ],
      "circle_r1p1": [
        0.04472317490726709,
        0.024992064625144503
      ],
      "ellipse": [
        0.03321724217385054,
        0.014342036871996236
      ],
      "vanilla": [
        0.039044480212032794,
        0.016665574976525797
      ],
      "fnn": [
        0.03604592131450772,
        0.015019929386616233
      ]
    },
    "40": {
      "circle_r1p5": [
        0.04048942178487778,
        0.013197423620449173
      ],
      "circle_r1p1": [
        0.04353406056761742,
        0.016760486521094638
      ],
      "ellipse": [
        0.020863552764058112,
        0.010110111694791934
      ],
      "vanilla": [
        0.041860086284577845,
        0.013998913557716618
      ],
      "fnn": [
        0.028151220176368952,
        0.01328717003428613
      ]
    },
    "50": {
      "circle_r1p5": [
        0.04558425731956959,
        0.008792994059611408
      ],
      "circle_r1p1": [
        0.03971551991999149,
        0.005326341247718796
      ],
      "ellipse": [
        0.016979502886533736,
        0.0050920957492336105
      ],
      "vanilla": [
        0.04327892959117889,
        0.014673423056435
      ],
      "fnn": [
        0.026720159500837327,
        0.01376409621012869
      ]
    }
  },
  "Near-singular": {
    "20": {
      "circle_r1p5": [
        0.041527514904737474,
        0.020742932313250823
      ],
      "circle_r1p1": [
        0.03390832832083106,
        0.016838098024817477
      ],
      "ellipse": [
        0.023351663979701696,
        0.01836869902373353
      ],
      "vanilla": [
        0.017957664860296062,
        0.027298003678674243
      ],
      "fnn": [
        0.014275485253892838,
        0.013368952390965097
      ]
    },
    "25": {
      "circle_r1p5": [
        0.0300824832636863,
        0.018853635578240453
      ],
      "circle_r1p1": [
        0.04111636150628328,
        0.040669305833712026
      ],
      "ellipse": [
        0.01765351081266999,
        0.011142035354209363
      ],
      "vanilla": [
        0.020742137666093185,
        0.028386287381105713
      ],
      "fnn": [
        0.019808586451108567,
        0.016054234003222877
      ]
    },
    "30": {
      "circle_r1p5": [
        0.044032849045470356,
        0.027356583402344394
      ],
      "circle_r1p1": [
        0.0441009703092277,
        0.027818292886680248
      ],
      "ellipse": [
        0.019554424844682217,
        0.010612699584505088
      ],
      "vanilla": [
        0.026884612256253604,
        0.045263607503743274
      ],
      "fnn": [
        0.023855285672470927,
        0.025649000777368917
      ]
    },
    "40": {
      "circle_r1p5": [
        0.0336261348798871,
        0.015555927284473105
      ],
      "circle_r1p1": [
        0.030380599107593297,
        0.01567064461239585
      ],
      "ellipse": [
        0.015525960410013796,
        0.009033578846783009
      ],
      "vanilla": [
        0.010712757050350774,
        0.02859239898275319
      ],
      "fnn": [
        0.016981018916703762,
        0.022181291534485312
      ]
    },
    "50": {
      "circle_r1p5": [
        0.03591109700500965,
        0.010195932070944028
      ],
      "circle_r1p1": [
        0.03095092745497823,
        0.013808734289376597
      ],
      "ellipse": [
        0.013358638668432832,
        0.002805248363047128
      ],
      "vanilla": [
        0.0006501334974018391,
        0.0005974101239589122
      ],
      "fnn": [
        0.008139748056419194,
        0.004436613643497815
      ]
    }
  }
}