{
  "Near-singular": {
    "n=8": {
      "CauchyNet": {
        "mse_mean": 0.3247183084487915,
        "mse_std": 0.024444141961468182
      },
      "FNN": {
        "mse_mean": 0.34624600112438203,
        "mse_std": 0.00017132939512736712
      }
    },
    "n=12": {
      "CauchyNet": {
        "mse_mean": 0.016851912811398508,
        "mse_std": 0.0035901582629090188
      },
      "FNN": {
        "mse_mean": 0.016603079997003077,
        "mse_std": 0.00021150771322893955
      }
    },
    "n=16": {
      "CauchyNet": {
        "mse_mean": 0.003128017303242814,
        "mse_std": 0.001419746100262147
      },
      "FNN": {
        "mse_mean": 0.006965898023918271,
        "mse_std": 0.0005175567569809303
      }
    },
    "n=20": {
      "CauchyNet": {
        "mse_mean": 0.002110792301391484,
        "mse_std": 0.000792297732780136
      },
      "FNN": {
        "mse_mean": 0.008630163967609406,
        "mse_std": 0.0006637623439012218
      }
    },
    "n=30": {
      "CauchyNet": {
        "mse_mean": 0.00048798829739098436,
        "mse_std": 0.0001965993165434298
      },
      "FNN": {
        "mse_mean": 0.007331070210784674,
        "mse_std": 0.00047619856968599
      }
    },
    "n=50": {
      "CauchyNet": {
        "mse_mean": 0.0004550465208012611,
        "mse_std": 0.00014397515929652198
      },
      "FNN": {
        "mse_mean": 0.0078122677281498906,
        "mse_std": 0.0006368010678175235
      }
    },
    "n=80": {
      "CauchyNet": {
        "mse_mean": 0.00032449685113533633,
        "mse_std": 0.00017331362992189687
      },
      "FNN": {
        "mse_mean": 0.0070779066067188975,
        "mse_std": 0.0008558032108673846
      }
    },
    "n=120": {
      "CauchyNet": {
        "mse_mean": 0.0003359013636554664,
        "mse_std": 0.0003310138457710873
      },
      "FNN": {
        "mse_mean": 0.0063508294057101015,
        "mse_std": 0.0002933932209658395
      }
    }
  },
  "Mixed (peak + oscillation)": {
    "n=8": {
      "CauchyNet": {
        "mse_mean": 0.29678307473659515,
        "mse_std": 0.0420349395915347
      },
      "FNN": {
        "mse_mean": 0.32905698120594024,
        "mse_std": 0.002432082899429885
      }
    },
    "n=12": {
      "CauchyNet": {
        "mse_mean": 0.01504624905064702,
        "mse_std": 0.0036862585944721746
      },
      "FNN": {
        "mse_mean": 0.016230677999556065,
        "mse_std": 0.00018804889569731136
      }
    },
    "n=16": {
      "CauchyNet": {
        "mse_mean": 0.0026408861740492284,
        "mse_std": 0.0010789734864065164
      },
      "FNN": {
        "mse_mean": 0.0068792674690485,
        "mse_std": 0.00037325095660385607
      }
    },
    "n=20": {
      "CauchyNet": {
        "mse_mean": 0.0018574898189399392,
        "mse_std": 0.0007511903307789269
      },
      "FNN": {
        "mse_mean": 0.008148798299953342,
        "mse_std": 0.0005548441052603552
      }
    },
    "n=30": {
      "CauchyNet": {
        "mse_mean": 0.0005303406906023156,
        "mse_std": 0.000243522848829521
      },
      "FNN": {
        "mse_mean": 0.007086369162425399,
        "mse_std": 0.00045120831659277764
      }
    },
    "n=50": {
      "CauchyNet": {
        "mse_mean": 0.004054643292329274,
        "mse_std": 0.010672020564288533
      },
      "FNN": {
        "mse_mean": 0.0074572276789695024,
        "mse_std": 0.0006282842624266109
      }
    },
    "n=80": {
      "CauchyNet": {
        "mse_mean": 0.0004387434251839295,
        "mse_std": 0.00020244879585356557
      },
      "FNN": {
        "mse_mean": 0.006800136156380176,
        "mse_std": 0.0003206277052535215
      }
    },
    "n=120": {
      "CauchyNet": {
        "mse_mean": 0.00036012277014378923,
        "mse_std": 0.0004181951859309048
      },
      "FNN": {
        "mse_mean": 0.006173549499362707,
        "mse_std": 0.00029153430664501616
      }
    }
  }
}