{
  "1e-08": {
    "mse": [
      0.040109314024448395,
      0.043541256338357925,
      0.04306211695075035,
      0.041886113584041595,
      0.03960759937763214,
      0.04157393425703049,
      0.042363520711660385,
      0.039045289158821106,
      0.03905300050973892,
      0.04214116185903549
    ],
    "mae": [
      0.1454317718744278,
      0.1599072515964508,
      0.1626926213502884,
      0.15017908811569214,
      0.14773574471473694,
      0.1550113558769226,
      0.1550731509923935,
      0.14243808388710022,
      0.14077655971050262,
      0.1486530601978302
    ]
  },
  "1e-06": {
    "mse": [
      0.040109314024448395,
      0.0435420460999012,
      0.04306211695075035,
      0.041886113584041595,
      0.03960759937763214,
      0.041573937982320786,
      0.042363520711660385,
      0.0390452966094017,
      0.03905300050973892,
      0.042141180485486984
    ],
    "mae": [
      0.1454317271709442,
      0.15991057455539703,
      0.1626926213502884,
      0.15017911791801453,
      0.14773571491241455,
      0.155011385679245,
      0.1550731658935547,
      0.1424380987882614,
      0.140776589512825,
      0.14865320920944214
    ]
  },
  "1e-04": {
    "mse": [
      0.040109340101480484,
      0.0435466393828392,
      0.043062157928943634,
      0.04188569262623787,
      0.0396072119474411,
      0.041574351489543915,
      0.04236418753862381,
      0.03904636204242706,
      0.039053186774253845,
      0.04214230552315712
    ],
    "mae": [
      0.1454271376132965,
      0.15993162989616394,
      0.16269229352474213,
      0.15017865598201752,
      0.14773419499397278,
      0.15501339733600616,
      0.15507639944553375,
      0.14243914186954498,
      0.14077849686145782,
      0.14866763353347778
    ]
  },
  "1e-02": {
    "mse": [
      0.040113307535648346,
      0.043455369770526886,
      0.04306485876441002,
      0.041852280497550964,
      0.0395340658724308,
      0.04161448776721954,
      0.04243294894695282,
      0.03915192559361458,
      0.039071857929229736,
      0.0422920361161232
    ],
    "mae": [
      0.14497320353984833,
      0.1597159057855606,
      0.1626540720462799,
      0.1501588523387909,
      0.14748615026474,
      0.15520928800106049,
      0.15540599822998047,
      0.1425582766532898,
      0.1409754902124405,
      0.15046554803848267
    ]
  },
  "1e-01": {
    "mse": [
      0.04020846635103226,
      0.04270782321691513,
      0.04294908046722412,
      0.0416308268904686,
      0.03913974016904831,
      0.04193463549017906,
      0.04320041835308075,
      0.04028555378317833,
      0.039345331490039825,
      0.042773663997650146
    ],
    "mae": [
      0.14236636459827423,
      0.1580377221107483,
      0.16201820969581604,
      0.14820832014083862,
      0.14526692032814026,
      0.154526948928833,
      0.15881194174289703,
      0.14590993523597717,
      0.143595352768898,
      0.1568145900964737
    ]
  },
  "1e+00": {
    "mse": [
      0.04214036092162132,
      0.03896225243806839,
      0.04141881316900253,
      0.036978963762521744,
      0.03958143666386604,
      0.04239494353532791,
      0.04604081064462662,
      0.04150595888495445,
      0.03647725656628609,
      0.0423566959798336
    ],
    "mae": [
      0.148982971906662,
      0.1510709971189499,
      0.15905173122882843,
      0.13620388507843018,
      0.15200945734977722,
      0.15281261503696442,
      0.16915112733840942,
      0.14867472648620605,
      0.13765491545200348,
      0.15447531640529633
    ]
  },
  "learnable": {
    "mse": [
      0.04010944813489914,
      0.04354627802968025,
      0.04306211322546005,
      0.041885413229465485,
      0.03960709273815155,
      0.04157435894012451,
      0.042364541441202164,
      0.03904688358306885,
      0.039053238928318024,
      0.04214242845773697
    ],
    "mae": [
      0.1454264521598816,
      0.15993094444274902,
      0.16269232332706451,
      0.1501779705286026,
      0.14773383736610413,
      0.1550135612487793,
      0.15507791936397552,
      0.14244021475315094,
      0.140779048204422,
      0.14866812527179718
    ],
    "final_eps": [
      0.00014457790332045637,
      0.000137576730723122,
      0.00015952181542505921,
      0.00013222442630570543,
      0.0001362150753074536,
      0.0001362042161120575,
      0.0001474105750182673,
      0.00013895219093997915,
      0.00012581386266406029,
      0.00013091708133935076
    ]
  }
}