{
  "Paper 1D": {
    "CauchyNet (trainable xi)": {
      "mse": [
        0.0375588983297348,
        0.049127377569675446,
        0.04505326226353645,
        0.05654874071478844,
        0.04730180650949478,
        0.06663238257169724,
        0.08194948732852936,
        0.034429773688316345,
        0.03748839348554611,
        0.04550570249557495
      ],
      "mae": [
        0.15099510550498962,
        0.17463311553001404,
        0.17459514737129211,
        0.17922428250312805,
        0.17935682833194733,
        0.21245402097702026,
        0.21117080748081207,
        0.1454743891954422,
        0.1449888050556183,
        0.1768367439508438
      ],
      "mse_mean": 0.050159582495689393,
      "mse_std": 0.013951706447014177,
      "num_params": 256
    },
    "FixedCircle CN (h=64)": {
      "mse": [
        0.03564652055501938,
        0.052326466888189316,
        0.042600713670253754,
        0.0480133481323719,
        0.043311137706041336,
        0.06298521906137466,
        0.08239596337080002,
        0.02809758298099041,
        0.047748226672410965,
        0.07253886014223099
      ],
      "mae": [
        0.13967406749725342,
        0.1849619597196579,
        0.18245135247707367,
        0.1726081222295761,
        0.1751478761434555,
        0.2110704630613327,
        0.20730550587177277,
        0.13615907728672028,
        0.15025517344474792,
        0.22270342707633972
      ],
      "mse_mean": 0.051566403917968275,
      "mse_std": 0.015815298411145824,
      "num_params": 128
    },
    "FixedCircle CN (h=128)": {
      "mse": [
        0.03630680963397026,
        0.05493416637182236,
        0.034816451370716095,
        0.04957810416817665,
        0.04753557965159416,
        0.05704164505004883,
        0.0881062000989914,
        0.03481968492269516,
        0.051768895238637924,
        0.06240368261933327
      ],
      "mae": [
        0.12863557040691376,
        0.18732453882694244,
        0.1639401614665985,
        0.17929275333881378,
        0.16704432666301727,
        0.20255902409553528,
        0.21603263914585114,
        0.14623236656188965,
        0.1525672972202301,
        0.19634288549423218
      ],
      "mse_mean": 0.05173112191259861,
      "mse_std": 0.015191322167193549,
      "num_params": 256
    },
    "FNN (param-matched)": {
      "mse": [
        0.02943713217973709,
        0.046268802136182785,
        0.02676388807594776,
        0.04167884588241577,
        0.05798022449016571,
        0.05479826405644417,
        0.0533781498670578,
        0.034988172352313995,
        0.026596246287226677,
        0.05645914375782013
      ],
      "mae": [
        0.12559407949447632,
        0.17341884970664978,
        0.12943135201931,
        0.16054078936576843,
        0.179393470287323,
        0.20020538568496704,
        0.15794676542282104,
        0.13865283131599426,
        0.1143634021282196,
        0.19352270662784576
      ],
      "mse_mean": 0.04283488690853119,
      "mse_std": 0.012022702816763488,
      "num_params": 256
    }
  },
  "Near-singular": {
    "CauchyNet (trainable xi)": {
      "mse": [
        0.009370293468236923,
        0.00042844738345593214,
        0.06368669867515564,
        0.002362591912969947,
        0.0003609264676924795,
        0.0370158888399601,
        0.00017569996998645365,
        0.011633295565843582,
        0.0005053853965364397,
        0.08188214898109436
      ],
      "mae": [
        0.08471743017435074,
        0.019005991518497467,
        0.15263988077640533,
        0.028011975809931755,
        0.013975164853036404,
        0.1180741935968399,
        0.00967639870941639,
        0.08601940423250198,
        0.01788623444736004,
        0.1811421513557434
      ],
      "mse_mean": 0.020742137666093185,
      "mse_std": 0.028386287381105713,
      "num_params": 256
    },
    "FixedCircle CN (h=64)": {
      "mse": [
        0.028036782518029213,
        0.016184087842702866,
        0.05541586875915527,
        0.050333406776189804,
        0.023707197979092598,
        0.023635756224393845,
        0.007090396713465452,
        0.013909258879721165,
        0.016932647675275803,
        0.06557942926883698
      ],
      "mae": [
        0.14323122799396515,
        0.1052742674946785,
        0.1337745040655136,
        0.16228128969669342,
        0.12586697936058044,
        0.10791904479265213,
        0.06890373677015305,
        0.10231173038482666,
        0.12009116262197495,
        0.1839696764945984
      ],
      "mse_mean": 0.0300824832636863,
      "mse_std": 0.018853635578240453,
      "num_params": 128
    },
    "FixedCircle CN (h=128)": {
      "mse": [
        0.015726935118436813,
        0.009611462242901325,
        0.04910161718726158,
        0.05026106536388397,
        0.026245851069688797,
        0.02223862148821354,
        0.018430247902870178,
        0.008136472664773464,
        0.017989443615078926,
        0.06545930355787277
      ],
      "mae": [
        0.11586122214794159,
        0.08033706247806549,
        0.16016510128974915,
        0.1643310934305191,
        0.13295185565948486,
        0.10522688925266266,
        0.11403397470712662,
        0.08540356904268265,
        0.12643751502037048,
        0.16852547228336334
      ],
      "mse_mean": 0.028320102021098137,
      "mse_std": 0.018586005823858935,
      "num_params": 256
    },
    "FNN (param-matched)": {
      "mse": [
        0.01719820685684681,
        0.003194961464032531,
        0.04949012026190758,
        0.019690752029418945,
        0.01621301844716072,
        0.04406990483403206,
        0.000354394520400092,
        0.01597711816430092,
        0.00200116029009223,
        0.02989622764289379
      ],
      "mae": [
        0.11172275990247726,
        0.027742940932512283,
        0.13509032130241394,
        0.07901190966367722,
        0.08697961270809174,
        0.1378915011882782,
        0.012128273025155067,
        0.10667597502470016,
        0.02436128258705139,
        0.1166093647480011
      ],
      "mse_mean": 0.019808586451108567,
      "mse_std": 0.016054234003222877,
      "num_params": 256
    }
  }
}