{
  "Paper's 1D (smooth)": {
    "CauchyNet": {
      "num_params": 256,
      "times": [
        0.13146209716796875,
        0.10484480857849121,
        0.103607177734375,
        0.10122013092041016,
        0.10232901573181152
      ],
      "mse": [
        0.03501448407769203,
        0.0254684966057539,
        0.03506409004330635,
        0.02201687917113304,
        0.025976011529564857
      ],
      "mae": [
        0.15505170822143555,
        0.1059320867061615,
        0.1517718881368637,
        0.12448985129594803,
        0.14050175249576569
      ],
      "forward_time_ms": [
        0.06250001024454832,
        0.05891697946935892,
        0.058999983593821526,
        0.05945796146988869,
        0.06004201713949442
      ],
      "backward_time_ms": [
        0.09250000584870577,
        0.08949998300522566,
        0.089749984908849,
        0.09162502828985453,
        0.09049999061971903
      ]
    },
    "FNN": {
      "num_params": 256,
      "times": [
        0.08846497535705566,
        0.08742594718933105,
        0.08865809440612793,
        0.08779597282409668,
        0.09217476844787598
      ],
      "mse": [
        0.013574431650340557,
        0.012146534398198128,
        0.00836593471467495,
        0.009801492094993591,
        0.012970046140253544
      ],
      "mae": [
        0.09312446415424347,
        0.09100644290447235,
        0.0711192637681961,
        0.0809861496090889,
        0.08954854309558868
      ],
      "forward_time_ms": [
        0.0231250305660069,
        0.023292028345167637,
        0.025499961338937283,
        0.024333014152944088,
        0.023209024220705032
      ],
      "backward_time_ms": [
        0.049916969146579504,
        0.04937499761581421,
        0.05366699770092964,
        0.050665985327214,
        0.05124998278915882
      ]
    },
    "SIREN": {
      "num_params": 256,
      "times": [
        0.13093018531799316,
        0.1307377815246582,
        0.13055992126464844,
        0.12473392486572266,
        0.10947418212890625
      ],
      "mse": [
        0.025050491094589233,
        0.012329069897532463,
        0.019339939579367638,
        0.007779496721923351,
        0.028648922219872475
      ],
      "mae": [
        0.0877828449010849,
        0.07535256445407867,
        0.0822194516658783,
        0.05999063700437546,
        0.0974980890750885
      ],
      "forward_time_ms": [
        0.09845802560448647,
        0.08362502558156848,
        0.0747090089134872,
        0.08450000314041972,
        0.0784169533289969
      ],
      "backward_time_ms": [
        0.13166596181690693,
        0.12075004633516073,
        0.11825002729892731,
        0.12395798694342375,
        0.09837502148002386
      ]
    },
    "Transformer": {
      "num_params": 412,
      "times": [
        0.1269540786743164,
        0.1421952247619629,
        0.2158510684967041,
        0.07514166831970215,
        0.22362899780273438
      ],
      "mse": [
        0.04549113288521767,
        0.04571221023797989,
        0.04570116847753525,
        0.044960178434848785,
        0.045460619032382965
      ],
      "mae": [
        0.16111962497234344,
        0.16249646246433258,
        0.16243132948875427,
        0.1567598134279251,
        0.1609160602092743
      ],
      "forward_time_ms": [
        0.46029099030420184,
        0.47529098810628057,
        0.4045414971187711,
        0.48058299580588937,
        0.48906198935583234
      ],
      "backward_time_ms": [
        0.4550830344669521,
        0.5083750002086163,
        0.44800000614486635,
        0.5214579869061708,
        0.5299999902490526
      ]
    }
  },
  "Near-singular": {
    "CauchyNet": {
      "num_params": 256,
      "times": [
        0.20647287368774414,
        0.18172121047973633,
        0.19946503639221191,
        0.14647674560546875,
        0.20695710182189941
      ],
      "mse": [
        6.042404129402712e-05,
        0.0003793276846408844,
        0.00017230745288543403,
        0.00014670238306280226,
        9.261481318389997e-05
      ],
      "mae": [
        0.006608222611248493,
        0.015803257003426552,
        0.00971214845776558,
        0.008442609570920467,
        0.007153028156608343
      ],
      "forward_time_ms": [
        0.062228471506386995,
        0.061561993788927794,
        0.065312982769683,
        0.06024999311193824,
        0.085603998741135
      ],
      "backward_time_ms": [
        0.09041704470291734,
        0.09222902008332312,
        0.09068747749552131,
        0.09370851330459118,
        0.1494579773861915
      ]
    },
    "FNN": {
      "num_params": 256,
      "times": [
        0.16839909553527832,
        0.16620087623596191,
        0.16819405555725098,
        0.13101792335510254,
        0.16799402236938477
      ],
      "mse": [
        0.001986975083127618,
        0.00440464960411191,
        0.00529065728187561,
        0.0103064039722085,
        0.004867853131145239
      ],
      "mae": [
        0.021935487166047096,
        0.037857238203287125,
        0.04332543909549713,
        0.06142568215727806,
        0.040631845593452454
      ],
      "forward_time_ms": [
        0.02352098817937076,
        0.02495851367712021,
        0.024667009711265564,
        0.03043748438358307,
        0.02431249595247209
      ],
      "backward_time_ms": [
        0.04685399471782148,
        0.05331300781108439,
        0.050666509196162224,
        0.0603125081397593,
        0.050624978030100465
      ]
    },
    "SIREN": {
      "num_params": 256,
      "times": [
        0.12034392356872559,
        0.1243278980255127,
        0.1087498664855957,
        0.10546493530273438,
        0.0804741382598877
      ],
      "mse": [
        0.00024396459048148245,
        0.00017366329848300666,
        9.638100164011121e-05,
        0.00015478536079172045,
        0.00017944398859981447
      ],
      "mae": [
        0.011963708326220512,
        0.009146844036877155,
        0.0072171492502093315,
        0.009831037372350693,
        0.009558519348502159
      ],
      "forward_time_ms": [
        0.06577052408829331,
        0.06074999691918492,
        0.054270989494398236,
        0.07908348925411701,
        0.05729147233068943
      ],
      "backward_time_ms": [
        0.09016648982651532,
        0.10533348540775478,
        0.08637498831376433,
        0.09087499347515404,
        0.08654149132780731
      ]
    },
    "Transformer": {
      "num_params": 412,
      "times": [
        0.1581411361694336,
        0.25194787979125977,
        0.1837477684020996,
        0.24486494064331055,
        0.29096317291259766
      ],
      "mse": [
        0.0592101514339447,
        0.05892188847064972,
        0.05897889286279678,
        0.05898205190896988,
        0.05895278602838516
      ],
      "mae": [
        0.17726223170757294,
        0.16822189092636108,
        0.16458934545516968,
        0.16448822617530823,
        0.17122706770896912
      ],
      "forward_time_ms": [
        0.44560397509485483,
        0.47233400982804596,
        0.41700000292621553,
        0.4028744879178703,
        0.4262709990143776
      ],
      "backward_time_ms": [
        0.506750016938895,
        0.48160398728214204,
        0.441958021838218,
        0.42220851173624396,
        0.46152048162184656
      ]
    }
  }
}