{
  "Chirp": {
    "CauchyNet": {
      "mse_mean": 0.10843292772769927,
      "mse_std": 0.011517257523068382,
      "mae_mean": 0.2684188216924667,
      "mae_std": 0.01943623699563623,
      "num_params": 256
    },
    "FNN": {
      "mse_mean": 0.11976954340934753,
      "mse_std": 0.002441873327861091,
      "mae_mean": 0.2934729397296906,
      "mae_std": 0.005890269235196011,
      "num_params": 256
    }
  },
  "Piecewise-smooth": {
    "CauchyNet": {
      "mse_mean": 0.006635622959583998,
      "mse_std": 0.001928802697392921,
      "mae_mean": 0.05912153050303459,
      "mae_std": 0.010933043387566666,
      "num_params": 256
    },
    "FNN": {
      "mse_mean": 0.007775089610368014,
      "mse_std": 0.0011687566115986918,
      "mae_mean": 0.06765328869223594,
      "mae_std": 0.00686208050828894,
      "num_params": 256
    }
  },
  "Gibbs (sq wave)": {
    "CauchyNet": {
      "mse_mean": 0.007735321950167418,
      "mse_std": 0.0004100249695527288,
      "mae_mean": 0.05652206912636757,
      "mae_std": 0.004110764696613163,
      "num_params": 256
    },
    "FNN": {
      "mse_mean": 0.009064950793981553,
      "mse_std": 0.000950260666912145,
      "mae_mean": 0.05737178698182106,
      "mae_std": 0.003825149583561758,
      "num_params": 256
    }
  },
  "Step-ramp": {
    "CauchyNet": {
      "mse_mean": 0.006629264354705811,
      "mse_std": 0.0012977332621171888,
      "mae_mean": 0.05933181568980217,
      "mae_std": 0.010261764516162902,
      "num_params": 256
    },
    "FNN": {
      "mse_mean": 0.00411024373024702,
      "mse_std": 0.0005951314134270123,
      "mae_mean": 0.03735314756631851,
      "mae_std": 0.004044513765499988,
      "num_params": 256
    }
  }
}