{
  "Paper 1D": {
    "CauchyNet": {
      "mse": [
        0.043494753539562225,
        0.036162205040454865,
        0.03480369970202446,
        0.04795550927519798,
        0.04707016795873642,
        0.04145117104053497,
        0.03263473138213158,
        0.04636074975132942,
        0.04177943617105484,
        0.03811093419790268
      ],
      "mae": [
        0.20118317008018494,
        0.17508718371391296,
        0.18399551510810852,
        0.15879766643047333,
        0.20852188766002655,
        0.19622203707695007,
        0.1690310537815094,
        0.20363417267799377,
        0.19538700580596924,
        0.191184401512146
      ],
      "num_params": 256
    },
    "FNN": {
      "mse": [
        0.033403344452381134,
        0.043917082250118256,
        0.03715568035840988,
        0.0392383448779583,
        0.03966251760721207,
        0.03703337162733078,
        0.04150820150971413,
        0.04337228089570999,
        0.043405093252658844,
        0.041733793914318085
      ],
      "mae": [
        0.17799659073352814,
        0.19117140769958496,
        0.17098762094974518,
        0.1869695484638214,
        0.18523547053337097,
        0.1826786994934082,
        0.1972576081752777,
        0.19617745280265808,
        0.20033788681030273,
        0.19664256274700165
      ],
      "num_params": 256
    }
  },
  "Near-singular": {
    "CauchyNet": {
      "mse": [
        0.00015727648860774934,
        0.0008187777712009847,
        0.000539853994268924,
        0.00019142491510137916,
        0.0004943053936585784,
        3.988002936239354e-05,
        0.0009725290583446622,
        0.000861720007378608,
        0.0009837031830102205,
        0.00046869562356732786
      ],
      "mae": [
        0.007719777058809996,
        0.020390979945659637,
        0.01433311216533184,
        0.008542943745851517,
        0.014307166449725628,
        0.0054487972520291805,
        0.020438387989997864,
        0.0175818782299757,
        0.022715354338288307,
        0.01522925402969122
      ],
      "num_params": 256
    },
    "FNN": {
      "mse": [
        0.005897941533476114,
        0.012481804937124252,
        0.012097280472517014,
        0.014476431533694267,
        0.01144438236951828,
        0.00612195860594511,
        0.014527020044624805,
        0.01253187470138073,
        0.014153883792459965,
        0.006213676184415817
      ],
      "mae": [
        0.037626467645168304,
        0.062224142253398895,
        0.061587680131196976,
        0.06767445802688599,
        0.05999122932553291,
        0.03723132610321045,
        0.0688045546412468,
        0.06261493265628815,
        0.06748136878013611,
        0.03642028942704201
      ],
      "num_params": 256
    }
  }
}