{
  "Analytic": {
    "CauchyNet": {
      "h": [
        32,
        64,
        128,
        256
      ],
      "mse_mean": [
        0.002897706412477419,
        6.600340275326743e-05,
        4.625298288374324e-05,
        2.11150534596527e-05
      ],
      "mse_std": [
        0.0024223276875085264,
        3.877777976508578e-05,
        2.297754539604818e-05,
        4.621101712726381e-06
      ],
      "params": [
        128,
        256,
        512,
        1024
      ]
    },
    "FNN": {
      "h": [
        42,
        85,
        170,
        341
      ],
      "mse_mean": [
        0.003241820144467056,
        0.003014639066532254,
        0.0010107671027071775,
        0.00018815244548022746
      ],
      "mse_std": [
        0.0011159630932207976,
        0.0012813976194895652,
        0.0011454253690387113,
        3.749491770900387e-05
      ],
      "params": [
        127,
        256,
        511,
        1024
      ]
    }
  },
  "Near-singular": {
    "CauchyNet": {
      "h": [
        32,
        64,
        128,
        256
      ],
      "mse_mean": [
        0.0038435077702160926,
        0.00117958735791035,
        0.0012484850361943246,
        0.0008859196328558028
      ],
      "mse_std": [
        0.003467045839819587,
        0.0006640966311338897,
        0.0006982407225314613,
        0.0002675153957323505
      ],
      "params": [
        128,
        256,
        512,
        1024
      ]
    },
    "FNN": {
      "h": [
        42,
        85,
        170,
        341
      ],
      "mse_mean": [
        0.007684554997831583,
        0.007357343100011349,
        0.006657026242464781,
        0.0050747208297252655
      ],
      "mse_std": [
        0.0005123314700586241,
        0.00026339533698701586,
        0.00015955495637135284,
        0.0010577494192291416
      ],
      "params": [
        127,
        256,
        511,
        1024
      ]
    }
  },
  "C^2": {
    "CauchyNet": {
      "h": [
        32,
        64,
        128,
        256
      ],
      "mse_mean": [
        0.0001089129034880898,
        1.4653529069619253e-05,
        7.678184147152933e-06,
        3.454392735875444e-05
      ],
      "mse_std": [
        7.832248223191076e-05,
        5.986055166093299e-06,
        3.0412865098391315e-06,
        5.868537348258898e-05
      ],
      "params": [
        128,
        256,
        512,
        1024
      ]
    },
    "FNN": {
      "h": [
        42,
        85,
        170,
        341
      ],
      "mse_mean": [
        7.36207643058151e-05,
        3.152037788822781e-05,
        1.555236412968952e-05,
        6.758324616384925e-06
      ],
      "mse_std": [
        4.4844730763945544e-05,
        4.999892240457803e-06,
        3.187010483680635e-06,
        1.152834317815618e-06
      ],
      "params": [
        127,
        256,
        511,
        1024
      ]
    }
  }
}