{
  "CauchyNet-1L": {
    "num_params": 256,
    "mse": [
      0.040109314024448395,
      0.043541256338357925,
      0.04306211695075035,
      0.041886113584041595,
      0.03960759937763214,
      0.04157393425703049,
      0.042363520711660385,
      0.039045289158821106,
      0.03905300050973892,
      0.04214116185903549
    ],
    "mae": [
      0.1454317718744278,
      0.1599072515964508,
      0.1626926213502884,
      0.15017908811569214,
      0.14773574471473694,
      0.1550113558769226,
      0.1550731509923935,
      0.14243808388710022,
      0.14077655971050262,
      0.1486530601978302
    ]
  },
  "CauchyNet-2L": {
    "num_params": 4224,
    "mse": [
      0.0052971369586884975,
      0.03845589607954025,
      0.0450793094933033,
      0.039222415536642075,
      0.005468442104756832,
      0.05490906536579132,
      0.0441456213593483,
      0.04239886999130249,
      0.04881921783089638,
      0.05879736691713333
    ],
    "mae": [
      0.040897488594055176,
      0.14476147294044495,
      0.14758282899856567,
      0.1422722041606903,
      0.04352528229355812,
      0.15949489176273346,
      0.16607750952243805,
      0.15132595598697662,
      0.1492386907339096,
      0.1733863204717636
    ]
  },
  "CauchyNet-Res": {
    "num_params": 306,
    "mse": [
      0.039788782596588135,
      0.03953932225704193,
      0.04328478127717972,
      0.035833608359098434,
      0.043234869837760925,
      0.04290373995900154,
      0.03983936831355095,
      0.03822813183069229,
      0.041464585810899734,
      0.036299124360084534
    ],
    "mae": [
      0.1463603377342224,
      0.14844055473804474,
      0.15412694215774536,
      0.14491431415081024,
      0.15587234497070312,
      0.1645040363073349,
      0.15015462040901184,
      0.13819433748722076,
      0.15827760100364685,
      0.14218546450138092
    ]
  },
  "CauchyNet-Skip": {
    "num_params": 2304,
    "mse": [
      0.0009271800518035889,
      0.039628949016332626,
      0.038050904870033264,
      0.03739055618643761,
      0.009642626158893108,
      0.041667111217975616,
      0.0003306965227238834,
      0.03874369338154793,
      0.0376618430018425,
      0.003268229542300105
    ],
    "mae": [
      0.022202573716640472,
      0.14534398913383484,
      0.1478368639945984,
      0.136294424533844,
      0.0704120546579361,
      0.15899237990379333,
      0.012347654439508915,
      0.13972708582878113,
      0.1444578468799591,
      0.03947194665670395
    ]
  }
}