{
  "Diabetes": {
    "CauchyNet": {
      "mse_mean": 4631.302734375,
      "mse_std": 1341.9361610146168,
      "mae_mean": 51.51196823120117,
      "mae_std": 6.506485888460942,
      "num_params": 1408
    },
    "FNN": {
      "mse_mean": 5914.07412109375,
      "mse_std": 571.2962094062838,
      "mae_mean": 58.879312133789064,
      "mae_std": 3.075164594095,
      "num_params": 1405
    },
    "Hybrid": {
      "mse_mean": 3539.671875,
      "mse_std": 749.4479378903673,
      "mae_mean": 45.839629364013675,
      "mae_std": 5.734446445356895,
      "num_params": 364
    }
  },
  "California": {
    "CauchyNet": {
      "mse_mean": 0.7255211412906647,
      "mse_std": 0.4895331042655698,
      "mae_mean": 0.5707078576087952,
      "mae_std": 0.18881866627833283,
      "num_params": 1152
    },
    "FNN": {
      "mse_mean": 0.571536248922348,
      "mse_std": 0.20734711270040437,
      "mae_mean": 0.5781008541584015,
      "mae_std": 0.09294687483804599,
      "num_params": 1151
    },
    "Hybrid": {
      "mse_mean": 0.45177236795425413,
      "mse_std": 0.15431538901136865,
      "mae_mean": 0.48840627670288084,
      "mae_std": 0.073643398494061,
      "num_params": 356
    }
  },
  "Wine": {
    "CauchyNet": {
      "mse_mean": 0.7791700601577759,
      "mse_std": 0.2402041427330939,
      "mae_mean": 0.690749728679657,
      "mae_std": 0.10304412363445892,
      "num_params": 1536
    },
    "FNN": {
      "mse_mean": 0.7668691754341126,
      "mse_std": 0.21497311777052683,
      "mae_mean": 0.713387405872345,
      "mae_std": 0.05634342008332178,
      "num_params": 1535
    },
    "Hybrid": {
      "mse_mean": 0.5872791290283204,
      "mse_std": 0.05653855569233898,
      "mae_mean": 0.6503682136535645,
      "mae_std": 0.049201119058545156,
      "num_params": 368
    }
  }
}