{
  "Paper 1D target": {
    "CauchyNet": {
      "mse_mean": 0.028451816504821183,
      "mse_std": 0.011030618839950051,
      "mae_mean": 0.1279180858284235,
      "mae_std": 0.033536181104892995,
      "num_params": 256
    },
    "RationalNN": {
      "mse_mean": 0.03516621068120003,
      "mse_std": 0.0009004624186611531,
      "mae_mean": 0.15195553451776506,
      "mae_std": 0.005454366141651065,
      "num_params": 256
    }
  },
  "Near-singular": {
    "CauchyNet": {
      "mse_mean": 0.018191302729246673,
      "mse_std": 0.020683819495503946,
      "mae_mean": 0.07104400615207851,
      "mae_std": 0.060331276181844556,
      "num_params": 256
    },
    "RationalNN": {
      "mse_mean": 0.03544036466628313,
      "mse_std": 0.013559204057375932,
      "mae_mean": 0.13154808506369592,
      "mae_std": 0.031056727450708074,
      "num_params": 256
    }
  },
  "Smooth oscillatory": {
    "CauchyNet": {
      "mse_mean": 0.05158484100247733,
      "mse_std": 0.025164012149811323,
      "mae_mean": 0.1709361679852009,
      "mae_std": 0.07185028553311387,
      "num_params": 256
    },
    "RationalNN": {
      "mse_mean": 0.06513267681002617,
      "mse_std": 0.0024485435644734225,
      "mae_mean": 0.20729316920042037,
      "mae_std": 0.0061317467785421765,
      "num_params": 256
    }
  }
}