{
  "delta=0.5": {
    "CauchyNet": {
      "mse_mean": 2.85063186311163e-05,
      "mse_std": 2.0348209730917443e-05,
      "num_params": 256
    },
    "FNN": {
      "mse_mean": 6.436726762331091e-05,
      "mse_std": 8.205887015389101e-06,
      "num_params": 256
    }
  },
  "delta=0.2": {
    "CauchyNet": {
      "mse_mean": 3.815320524154231e-05,
      "mse_std": 2.5787884348345034e-05,
      "num_params": 256
    },
    "FNN": {
      "mse_mean": 0.003886502189561725,
      "mse_std": 0.00047657565344477395,
      "num_params": 256
    }
  },
  "delta=0.1": {
    "CauchyNet": {
      "mse_mean": 0.00012227527440700214,
      "mse_std": 0.00013628374553469437,
      "num_params": 256
    },
    "FNN": {
      "mse_mean": 0.004431846877560019,
      "mse_std": 0.0030497736430638986,
      "num_params": 256
    }
  },
  "delta=0.05": {
    "CauchyNet": {
      "mse_mean": 0.005803827921045013,
      "mse_std": 0.010910156777236512,
      "num_params": 256
    },
    "FNN": {
      "mse_mean": 0.006687995512038469,
      "mse_std": 0.0010169250397603514,
      "num_params": 256
    }
  },
  "delta=0.02": {
    "CauchyNet": {
      "mse_mean": 0.017682248540222645,
      "mse_std": 0.0019061438186883917,
      "num_params": 256
    },
    "FNN": {
      "mse_mean": 0.009710220620036125,
      "mse_std": 0.0020083933861036597,
      "num_params": 256
    }
  },
  "delta=0.01": {
    "CauchyNet": {
      "mse_mean": 0.015607494115829467,
      "mse_std": 0.0017401922474662359,
      "num_params": 256
    },
    "FNN": {
      "mse_mean": 0.010231408663094044,
      "mse_std": 0.00029669342233854895,
      "num_params": 256
    }
  }
}