{
  "stage1_lr": {
    "lr=1e-03": {
      "mae_mean": 0.47879079580307005,
      "mae_std": 0.06007329489863594,
      "train_time_s": 1.39242844581604,
      "params": 128
    },
    "lr=3e-03": {
      "mae_mean": 0.3233708024024963,
      "mae_std": 0.04688888048942177,
      "train_time_s": 1.3812675952911377,
      "params": 128
    },
    "lr=5e-03": {
      "mae_mean": 0.22022586166858674,
      "mae_std": 0.04536892504556682,
      "train_time_s": 1.3612525939941407,
      "params": 128
    },
    "lr=1e-02": {
      "mae_mean": 0.08874848186969757,
      "mae_std": 0.033062833311879106,
      "train_time_s": 1.3570547103881836,
      "params": 128
    },
    "lr=2e-02": {
      "mae_mean": 0.05155317559838295,
      "mae_std": 0.021297366303363822,
      "train_time_s": 1.3550039768218993,
      "params": 128
    },
    "lr=5e-02": {
      "mae_mean": 0.04040273241698742,
      "mae_std": 0.013284884452154684,
      "train_time_s": 1.3482072830200196,
      "params": 128
    }
  },
  "stage2_h": {
    "h=16": {
      "mae_mean": 0.2554137781262398,
      "mae_std": 0.19317252682505737,
      "train_time_s": 1.2975592136383056,
      "params": 32
    },
    "h=32": {
      "mae_mean": 0.07453849874436855,
      "mae_std": 0.044975192900688306,
      "train_time_s": 1.3170738220214844,
      "params": 64
    },
    "h=64": {
      "mae_mean": 0.04040273241698742,
      "mae_std": 0.013284884452154684,
      "train_time_s": 1.3533188343048095,
      "params": 128
    },
    "h=128": {
      "mae_mean": 0.04233317226171494,
      "mae_std": 0.013560644899157585,
      "train_time_s": 1.4335601329803467,
      "params": 256
    },
    "h=256": {
      "mae_mean": 0.047171523049473765,
      "mae_std": 0.01478912460904232,
      "train_time_s": 1.5740302562713624,
      "params": 512
    },
    "h=512": {
      "mae_mean": 0.04717594161629677,
      "mae_std": 0.006318843562720298,
      "train_time_s": 1.8310601711273193,
      "params": 1024
    }
  },
  "stage3_n_train": {
    "n_train=30": {
      "mae_mean": 0.40798121094703677,
      "mae_std": 0.10761507068580481,
      "train_time_s": 0.5633026599884033,
      "params": 128
    },
    "n_train=50": {
      "mae_mean": 0.16779174357652665,
      "mae_std": 0.03259580374232432,
      "train_time_s": 0.8300668239593506,
      "params": 128
    },
    "n_train=100": {
      "mae_mean": 0.04040273241698742,
      "mae_std": 0.013284884452154684,
      "train_time_s": 1.3526879787445067,
      "params": 128
    },
    "n_train=200": {
      "mae_mean": 0.02203759029507637,
      "mae_std": 0.011908623135374607,
      "train_time_s": 2.1955151081085207,
      "params": 128
    }
  },
  "stage4_epochs": {
    "epochs=200": {
      "mae_mean": 0.03799091875553131,
      "mae_std": 0.014193098338826409,
      "train_time_s": 0.44047060012817385,
      "params": 128
    },
    "epochs=500": {
      "mae_mean": 0.02395407557487488,
      "mae_std": 0.0035040051504113567,
      "train_time_s": 1.0996254444122315,
      "params": 128
    },
    "epochs=1000": {
      "mae_mean": 0.02203759029507637,
      "mae_std": 0.011908623135374607,
      "train_time_s": 2.198717403411865,
      "params": 128
    },
    "epochs=2000": {
      "mae_mean": 0.02019373280927539,
      "mae_std": 0.012023761295550495,
      "train_time_s": 4.413488388061523,
      "params": 128
    },
    "epochs=3000": {
      "mae_mean": 0.018945893831551076,
      "mae_std": 0.010601559755960433,
      "train_time_s": 6.586078643798828,
      "params": 128
    }
  },
  "best_config": {
    "h": 64,
    "lr": 0.05,
    "n_train": 200,
    "n_val": 50,
    "epochs": 3000
  },
  "head_to_head": {
    "CauchyNet_optimised": {
      "mae_mean": 0.020180833898484705,
      "mae_std": 0.00951023783738355,
      "params": 128,
      "train_time_s": 6.595306539535523
    },
    "CauchyNet_paper": {
      "mae_mean": 0.02393965031951666,
      "mae_std": 0.004778756806105008,
      "params": 128,
      "train_time_s": 6.61173095703125
    },
    "SIREN": {
      "mae_mean": 0.0872251681983471,
      "mae_std": 0.021383411240825895,
      "params": 193,
      "train_time_s": 6.529505753517151
    },
    "FNN_ReLU": {
      "mae_mean": 0.20316042751073837,
      "mae_std": 0.007818425022145284,
      "params": 193,
      "train_time_s": 6.52593584060669
    },
    "NBeats": {
      "mae_mean": 0.1940329812467098,
      "mae_std": 0.045921385018606126,
      "params": 204,
      "train_time_s": 16.79787383079529
    }
  }
}