{
  "Near-singular": {
    "n=8": {
      "CauchyNet": {
        "mse_mean": 0.324718302488327,
        "mse_std": 0.02444414750423553
      },
      "FNN": {
        "mse_mean": 0.3462424069643021,
        "mse_std": 0.00016895835551611297
      }
    },
    "n=12": {
      "CauchyNet": {
        "mse_mean": 0.01685131760314107,
        "mse_std": 0.003587698409477939
      },
      "FNN": {
        "mse_mean": 0.016600750386714935,
        "mse_std": 0.00020448946715914207
      }
    },
    "n=16": {
      "CauchyNet": {
        "mse_mean": 0.0031298660949687475,
        "mse_std": 0.0014249553184520604
      },
      "FNN": {
        "mse_mean": 0.0069701494183391334,
        "mse_std": 0.0005220498411223632
      }
    },
    "n=20": {
      "CauchyNet": {
        "mse_mean": 0.002110916115634609,
        "mse_std": 0.0007922556010372442
      },
      "FNN": {
        "mse_mean": 0.008630147762596607,
        "mse_std": 0.0006637819704172539
      }
    },
    "n=30": {
      "CauchyNet": {
        "mse_mean": 0.0004879764782344864,
        "mse_std": 0.00019660382738458042
      },
      "FNN": {
        "mse_mean": 0.007331070303916931,
        "mse_std": 0.00047619890950075823
      }
    },
    "n=50": {
      "CauchyNet": {
        "mse_mean": 0.00045504691370297224,
        "mse_std": 0.00014397582623756008
      },
      "FNN": {
        "mse_mean": 0.0078122678212821485,
        "mse_std": 0.000636800527905486
      }
    },
    "n=80": {
      "CauchyNet": {
        "mse_mean": 0.00032449590762553273,
        "mse_std": 0.00017331314453881974
      },
      "FNN": {
        "mse_mean": 0.007077898923307657,
        "mse_std": 0.0008558068887346386
      }
    },
    "n=120": {
      "CauchyNet": {
        "mse_mean": 0.00033589905794997323,
        "mse_std": 0.00033101290629533375
      },
      "FNN": {
        "mse_mean": 0.006350371520966291,
        "mse_std": 0.000294066596032044
      }
    }
  },
  "Mixed (peak + oscillation)": {
    "n=8": {
      "CauchyNet": {
        "mse_mean": 0.29678302705287934,
        "mse_std": 0.0420349692477697
      },
      "FNN": {
        "mse_mean": 0.3290567249059677,
        "mse_std": 0.002432690159616568
      }
    },
    "n=12": {
      "CauchyNet": {
        "mse_mean": 0.015055701415985823,
        "mse_std": 0.0037026990936319918
      },
      "FNN": {
        "mse_mean": 0.016223715618252754,
        "mse_std": 0.00019264755844945264
      }
    },
    "n=16": {
      "CauchyNet": {
        "mse_mean": 0.0026501326501602307,
        "mse_std": 0.0010791856910359944
      },
      "FNN": {
        "mse_mean": 0.006881499709561467,
        "mse_std": 0.0003737196782786942
      }
    },
    "n=20": {
      "CauchyNet": {
        "mse_mean": 0.001857120818749536,
        "mse_std": 0.0007510817797172302
      },
      "FNN": {
        "mse_mean": 0.008145272079855204,
        "mse_std": 0.0005611759579533998
      }
    },
    "n=30": {
      "CauchyNet": {
        "mse_mean": 0.0005303435493260622,
        "mse_std": 0.0002435234203018385
      },
      "FNN": {
        "mse_mean": 0.007086308067664504,
        "mse_std": 0.0004512216412440987
      }
    },
    "n=50": {
      "CauchyNet": {
        "mse_mean": 0.004054643074050545,
        "mse_std": 0.010672021878595159
      },
      "FNN": {
        "mse_mean": 0.0074568942189216616,
        "mse_std": 0.0006285117580104266
      }
    },
    "n=80": {
      "CauchyNet": {
        "mse_mean": 0.00043874311959370973,
        "mse_std": 0.00020244947875817427
      },
      "FNN": {
        "mse_mean": 0.006800172151997685,
        "mse_std": 0.0003206097892634804
      }
    },
    "n=120": {
      "CauchyNet": {
        "mse_mean": 0.00036012386190122927,
        "mse_std": 0.0004181922080792329
      },
      "FNN": {
        "mse_mean": 0.0061735442839562895,
        "mse_std": 0.00029153481588680536
      }
    }
  }
}