{
  "1e-08": {
    "mse": [
      0.040109310299158096,
      0.043541256338357925,
      0.04306212440133095,
      0.0418861098587513,
      0.03960759937763214,
      0.041573937982320786,
      0.042363520711660385,
      0.039045289158821106,
      0.03905300050973892,
      0.04214116185903549
    ],
    "mae": [
      0.1454317569732666,
      0.1599072366952896,
      0.16269263625144958,
      0.15017908811569214,
      0.14773574471473694,
      0.155011385679245,
      0.1550731062889099,
      0.14243808388710022,
      0.14077654480934143,
      0.1486530601978302
    ]
  },
  "1e-06": {
    "mse": [
      0.0401093028485775,
      0.043542034924030304,
      0.04306211695075035,
      0.041886106133461,
      0.03960759937763214,
      0.041573937982320786,
      0.042363520711660385,
      0.0390452966094017,
      0.03905300050973892,
      0.04214117303490639
    ],
    "mae": [
      0.14543171226978302,
      0.15991054475307465,
      0.1626926213502884,
      0.15017911791801453,
      0.14773571491241455,
      0.155011385679245,
      0.1550731658935547,
      0.14243808388710022,
      0.14077657461166382,
      0.14865317940711975
    ]
  },
  "1e-04": {
    "mse": [
      0.040109340101480484,
      0.043546635657548904,
      0.04306216537952423,
      0.04188568890094757,
      0.0396072082221508,
      0.04157435521483421,
      0.04236419498920441,
      0.03904636204242706,
      0.039053186774253845,
      0.04214230924844742
    ],
    "mae": [
      0.1454271376132965,
      0.15993164479732513,
      0.16269230842590332,
      0.15017865598201752,
      0.14773418009281158,
      0.15501338243484497,
      0.15507636964321136,
      0.14243914186954498,
      0.14077851176261902,
      0.14866763353347778
    ]
  },
  "1e-02": {
    "mse": [
      0.04011330381035805,
      0.04345537722110748,
      0.04306485876441002,
      0.04185229167342186,
      0.0395340658724308,
      0.04161449149250984,
      0.04243294149637222,
      0.03915192931890488,
      0.03907185420393944,
      0.0422920361161232
    ],
    "mae": [
      0.14497320353984833,
      0.1597159206867218,
      0.1626540720462799,
      0.1501588672399521,
      0.14748616516590118,
      0.15520930290222168,
      0.15540598332881927,
      0.14255830645561218,
      0.1409754902124405,
      0.15046554803848267
    ]
  },
  "1e-01": {
    "mse": [
      0.04020847752690315,
      0.04270781949162483,
      0.04294907674193382,
      0.0416308268904686,
      0.03913974016904831,
      0.04193463549017906,
      0.043200429528951645,
      0.040285564959049225,
      0.039345331490039825,
      0.04277366027235985
    ],
    "mae": [
      0.14236637949943542,
      0.1580377221107483,
      0.16201819479465485,
      0.14820830523967743,
      0.14526690542697906,
      0.15452693402767181,
      0.15881194174289703,
      0.14590993523597717,
      0.143595352768898,
      0.1568145900964737
    ]
  },
  "1e+00": {
    "mse": [
      0.04214036464691162,
      0.03896225243806839,
      0.041418809443712234,
      0.03697896748781204,
      0.03958143666386604,
      0.04239495098590851,
      0.04604081064462662,
      0.04150595888495445,
      0.036477260291576385,
      0.0423566959798336
    ],
    "mae": [
      0.148982971906662,
      0.1510709971189499,
      0.15905171632766724,
      0.13620387017726898,
      0.15200945734977722,
      0.15281261503696442,
      0.16915114223957062,
      0.14867471158504486,
      0.13765491545200348,
      0.15447531640529633
    ]
  },
  "learnable": {
    "mse": [
      0.04010945186018944,
      0.043546274304389954,
      0.04306211695075035,
      0.04188541695475578,
      0.03960710018873215,
      0.04157436266541481,
      0.042364537715911865,
      0.03904688358306885,
      0.03905324265360832,
      0.04214242845773697
    ],
    "mae": [
      0.1454264372587204,
      0.15993092954158783,
      0.1626923382282257,
      0.150178000330925,
      0.14773383736610413,
      0.1550135761499405,
      0.15507791936397552,
      0.14244021475315094,
      0.140779048204422,
      0.148668110370636
    ],
    "final_eps": [
      0.0001445779033185248,
      0.00013757673072203864,
      0.00015952181542415187,
      0.00013222442630571036,
      0.0001362150753056449,
      0.00013620421611110713,
      0.00014741057502126945,
      0.0001389521909394808,
      0.00012581386266407145,
      0.00013091708133890656
    ]
  }
}