{
  "Paper's 1D (smooth)": {
    "CauchyNet": {
      "num_params": 256,
      "times": [
        0.11542201042175293,
        0.08895421028137207,
        0.08344674110412598,
        0.08605694770812988,
        0.08249998092651367
      ],
      "mse": [
        0.03501448035240173,
        0.025468509644269943,
        0.03506409376859665,
        0.022016873583197594,
        0.025976033881306648
      ],
      "mae": [
        0.15505170822143555,
        0.10593212395906448,
        0.1517718881368637,
        0.12448986619710922,
        0.14050182700157166
      ],
      "forward_time_ms": [
        0.046833010856062174,
        0.05891598993912339,
        0.04783400800079107,
        0.0527920201420784,
        0.04975002957507968
      ],
      "backward_time_ms": [
        0.07629196625202894,
        0.09445799514651299,
        0.07658300455659628,
        0.0873330282047391,
        0.07666699821129441
      ]
    },
    "FNN": {
      "num_params": 256,
      "times": [
        0.07309699058532715,
        0.07094597816467285,
        0.07185602188110352,
        0.07126712799072266,
        0.0699007511138916
      ],
      "mse": [
        0.013575835153460503,
        0.012146532535552979,
        0.008365938439965248,
        0.009801488369703293,
        0.01293526217341423
      ],
      "mae": [
        0.09313610941171646,
        0.09100644290447235,
        0.07111918926239014,
        0.08098607510328293,
        0.08938375115394592
      ],
      "forward_time_ms": [
        0.01733400858938694,
        0.016417005099356174,
        0.01675001112744212,
        0.017874990589916706,
        0.015874975360929966
      ],
      "backward_time_ms": [
        0.04091596929356456,
        0.039000005926936865,
        0.04012504359707236,
        0.04208303289487958,
        0.03937497967854142
      ]
    },
    "SIREN": {
      "num_params": 256,
      "times": [
        0.10176277160644531,
        0.10622215270996094,
        0.10399723052978516,
        0.10829424858093262,
        0.08863306045532227
      ],
      "mse": [
        0.025050798431038857,
        0.012329014018177986,
        0.01933998614549637,
        0.007779569365084171,
        0.02864888496696949
      ],
      "mae": [
        0.08778394758701324,
        0.07535228133201599,
        0.08221936970949173,
        0.0599907711148262,
        0.09749814867973328
      ],
      "forward_time_ms": [
        0.07991702295839787,
        0.08999998681247234,
        0.07525004912167788,
        0.08662499021738768,
        0.08958397665992379
      ],
      "backward_time_ms": [
        0.10812497930601239,
        0.09587500244379044,
        0.1092919846996665,
        0.10729103814810514,
        0.1390829565934837
      ]
    },
    "Transformer": {
      "num_params": 412,
      "times": [
        0.10495924949645996,
        0.12793803215026855,
        0.16907811164855957,
        0.06077694892883301,
        0.17390704154968262
      ],
      "mse": [
        0.04549113288521767,
        0.04568850249052048,
        0.04570116847753525,
        0.044960178434848785,
        0.045460619032382965
      ],
      "mae": [
        0.16111962497234344,
        0.16235613822937012,
        0.16243132948875427,
        0.1567598134279251,
        0.1609160602092743
      ],
      "forward_time_ms": [
        0.3688749857246876,
        0.3482499741949141,
        0.3478960134088993,
        0.4149160231463611,
        0.3658334899228066
      ],
      "backward_time_ms": [
        0.36325003020465374,
        0.4265420138835907,
        0.3808545006904751,
        0.423458986915648,
        0.38197950925678015
      ]
    }
  },
  "Near-singular": {
    "CauchyNet": {
      "num_params": 256,
      "times": [
        0.1560041904449463,
        0.1365339756011963,
        0.15563297271728516,
        0.12125682830810547,
        0.1615920066833496
      ],
      "mse": [
        6.042352833901532e-05,
        0.0003793287032749504,
        0.00017231088713742793,
        0.00014670283417217433,
        9.261504601454362e-05
      ],
      "mae": [
        0.006608189549297094,
        0.015803262591362,
        0.009712251834571362,
        0.00844261422753334,
        0.007153036538511515
      ],
      "forward_time_ms": [
        0.048687506932765245,
        0.061187485698610544,
        0.08383349631913006,
        0.08291698759421706,
        0.04735396942123771
      ],
      "backward_time_ms": [
        0.07614598143845797,
        0.11831251322291791,
        0.1219369878526777,
        0.1135209749918431,
        0.07929149433039129
      ]
    },
    "FNN": {
      "num_params": 256,
      "times": [
        0.1340320110321045,
        0.13294172286987305,
        0.13408112525939941,
        0.10297489166259766,
        0.13268089294433594
      ],
      "mse": [
        0.001986975083127618,
        0.004404646810144186,
        0.005290655884891748,
        0.0103064039722085,
        0.004867855459451675
      ],
      "mae": [
        0.02193545736372471,
        0.03785732761025429,
        0.04332542419433594,
        0.061425648629665375,
        0.040631894022226334
      ],
      "forward_time_ms": [
        0.01685446477495134,
        0.020728999515995383,
        0.017416488844901323,
        0.017208483768627048,
        0.016228994354605675
      ],
      "backward_time_ms": [
        0.04189548781141639,
        0.0618124904576689,
        0.041437509935349226,
        0.040916522266343236,
        0.039124483009800315
      ]
    },
    "SIREN": {
      "num_params": 256,
      "times": [
        0.09258294105529785,
        0.09383010864257812,
        0.08733105659484863,
        0.07398700714111328,
        0.061666011810302734
      ],
      "mse": [
        0.00024397506786044687,
        0.00017366596148349345,
        9.638290794100612e-05,
        0.00015478608838748187,
        0.00017944551655091345
      ],
      "mae": [
        0.011963766999542713,
        0.00914695393294096,
        0.007217230275273323,
        0.009831096045672894,
        0.009558591060340405
      ],
      "forward_time_ms": [
        0.056438002502545714,
        0.05737502942793071,
        0.05383303505368531,
        0.05381251685321331,
        0.05702098133042455
      ],
      "backward_time_ms": [
        0.08979151607491076,
        0.07779148290865123,
        0.0790210033301264,
        0.082354003097862,
        0.08575004176236689
      ]
    },
    "Transformer": {
      "num_params": 412,
      "times": [
        0.12715816497802734,
        0.20102787017822266,
        0.17237591743469238,
        0.2057347297668457,
        0.2663309574127197
      ],
      "mse": [
        0.0592101514339447,
        0.05892188847064972,
        0.05897889286279678,
        0.05898205190896988,
        0.05895278602838516
      ],
      "mae": [
        0.17726223170757294,
        0.16822189092636108,
        0.16458934545516968,
        0.16448822617530823,
        0.17122706770896912
      ],
      "forward_time_ms": [
        0.38291700184345245,
        0.37608350976370275,
        0.4141670069657266,
        0.39127099444158375,
        0.3555000002961606
      ],
      "backward_time_ms": [
        0.4179585084784776,
        0.3833120281342417,
        0.4099374928046018,
        0.40387449553236365,
        0.39147899951785803
      ]
    }
  }
}