{
  "Chirp": {
    "CauchyNet": {
      "mse_mean": 0.10841703414916992,
      "mse_std": 0.011482356088119115,
      "mae_mean": 0.2684074372053146,
      "mae_std": 0.01940627311219255,
      "num_params": 256
    },
    "FNN": {
      "mse_mean": 0.1197481170296669,
      "mse_std": 0.002290246330402653,
      "mae_mean": 0.29345576763153075,
      "mae_std": 0.005755813357596344,
      "num_params": 256
    }
  },
  "Piecewise-smooth": {
    "CauchyNet": {
      "mse_mean": 0.0066356235183775425,
      "mse_std": 0.001928802632857317,
      "mae_mean": 0.05912153273820877,
      "mae_std": 0.010933041400522325,
      "num_params": 256
    },
    "FNN": {
      "mse_mean": 0.007780463621020317,
      "mse_std": 0.001164522044367174,
      "mae_mean": 0.06767286285758019,
      "mae_std": 0.006849710890926559,
      "num_params": 256
    }
  },
  "Gibbs (sq wave)": {
    "CauchyNet": {
      "mse_mean": 0.007735319621860981,
      "mse_std": 0.0004100262912351487,
      "mae_mean": 0.05652202963829041,
      "mae_std": 0.004110780351453099,
      "num_params": 256
    },
    "FNN": {
      "mse_mean": 0.009064940549433232,
      "mse_std": 0.0009502636814505142,
      "mae_mean": 0.05737176463007927,
      "mae_std": 0.0038251341323206787,
      "num_params": 256
    }
  },
  "Step-ramp": {
    "CauchyNet": {
      "mse_mean": 0.006629264168441296,
      "mse_std": 0.0012977332958207237,
      "mae_mean": 0.05933181270956993,
      "mae_std": 0.010261762456052459,
      "num_params": 256
    },
    "FNN": {
      "mse_mean": 0.004119594814255834,
      "mse_std": 0.0005925941603363317,
      "mae_mean": 0.03766404390335083,
      "mae_std": 0.0040315279921469055,
      "num_params": 256
    }
  }
}