{
  "Paper 1D": {
    "CauchyNet": {
      "mse": [
        0.043494753539562225,
        0.036162201315164566,
        0.03480369225144386,
        0.04795550927519798,
        0.04707016795873642,
        0.04145117476582527,
        0.03263472765684128,
        0.046360746026039124,
        0.041779421269893646,
        0.03811092674732208
      ],
      "mae": [
        0.20118317008018494,
        0.17508718371391296,
        0.18399551510810852,
        0.15879765152931213,
        0.20852188766002655,
        0.19622203707695007,
        0.169031023979187,
        0.2036341428756714,
        0.19538697600364685,
        0.1911843717098236
      ],
      "num_params": 256
    },
    "FNN": {
      "mse": [
        0.033403344452381134,
        0.043917082250118256,
        0.03715568408370018,
        0.039238341152668,
        0.03966251015663147,
        0.03703337162733078,
        0.04150819405913353,
        0.04337228462100029,
        0.04340509697794914,
        0.041733790189027786
      ],
      "mae": [
        0.17799659073352814,
        0.19117142260074615,
        0.17098763585090637,
        0.1869695484638214,
        0.18523548543453217,
        0.1826787292957306,
        0.19725759327411652,
        0.19617745280265808,
        0.20033791661262512,
        0.19664256274700165
      ],
      "num_params": 256
    }
  },
  "Near-singular": {
    "CauchyNet": {
      "mse": [
        0.00015727741993032396,
        0.0008187771891243756,
        0.0005398544017225504,
        0.00019141413213219494,
        0.0004943046369589865,
        3.988014577771537e-05,
        0.0009725315612740815,
        0.00086172204464674,
        0.0009837037650868297,
        0.0004686949250753969
      ],
      "mae": [
        0.007719803601503372,
        0.020390966907143593,
        0.014333114959299564,
        0.008542867377400398,
        0.014307132922112942,
        0.0054488033056259155,
        0.020438391715288162,
        0.017581917345523834,
        0.022715361788868904,
        0.015229240991175175
      ],
      "num_params": 256
    },
    "FNN": {
      "mse": [
        0.005897939670830965,
        0.012481807731091976,
        0.012097283266484737,
        0.014476430602371693,
        0.011444383300840855,
        0.006121961399912834,
        0.01452701911330223,
        0.01253187470138073,
        0.014127740636467934,
        0.006213674321770668
      ],
      "mae": [
        0.0376264750957489,
        0.06222418323159218,
        0.06158769503235817,
        0.06767433881759644,
        0.0599912591278553,
        0.03723132982850075,
        0.0688045471906662,
        0.06261488050222397,
        0.0672188326716423,
        0.03642025589942932
      ],
      "num_params": 256
    }
  }
}