{
  "Analytic": {
    "CauchyNet": {
      "h": [
        32,
        64,
        128,
        256
      ],
      "mse_mean": [
        0.0028977064823266117,
        6.600343476748094e-05,
        4.625302863132674e-05,
        1.9658831843116786e-05
      ],
      "mse_std": [
        0.0024223291131362156,
        3.8777749524156104e-05,
        2.2977550937970643e-05,
        4.476059737958917e-06
      ],
      "params": [
        128,
        256,
        512,
        1024
      ]
    },
    "FNN": {
      "h": [
        42,
        85,
        170,
        341
      ],
      "mse_mean": [
        0.003241819725371897,
        0.003014640207402408,
        0.001010768162086606,
        0.00019132133747916668
      ],
      "mse_std": [
        0.0011159636517923907,
        0.0012813988025600074,
        0.001145424710901103,
        4.3459189188713156e-05
      ],
      "params": [
        127,
        256,
        511,
        1024
      ]
    }
  },
  "Near-singular": {
    "CauchyNet": {
      "h": [
        32,
        64,
        128,
        256
      ],
      "mse_mean": [
        0.0038435094815213234,
        0.0011795794707722962,
        0.0012484872248023748,
        0.0006522185110952705
      ],
      "mse_std": [
        0.003467043225201028,
        0.0006640981656325947,
        0.0006982434674703195,
        0.0002158873928722449
      ],
      "params": [
        128,
        256,
        512,
        1024
      ]
    },
    "FNN": {
      "h": [
        42,
        85,
        170,
        341
      ],
      "mse_mean": [
        0.0076845531351864334,
        0.0073567389510571955,
        0.006657026056200266,
        0.00507401255890727
      ],
      "mse_std": [
        0.0005123312053789703,
        0.0002633079178001867,
        0.00015956058311833267,
        0.0010576558440148597
      ],
      "params": [
        127,
        256,
        511,
        1024
      ]
    }
  },
  "C^2": {
    "CauchyNet": {
      "h": [
        32,
        64,
        128,
        256
      ],
      "mse_mean": [
        0.00010891288493439789,
        1.4653549078502692e-05,
        7.678160363866482e-06,
        3.5411660428508183e-05
      ],
      "mse_std": [
        7.832238550850229e-05,
        5.9860746234631476e-06,
        3.041291457340866e-06,
        5.836701168512632e-05
      ],
      "params": [
        128,
        256,
        512,
        1024
      ]
    },
    "FNN": {
      "h": [
        42,
        85,
        170,
        341
      ],
      "mse_mean": [
        7.362082687905059e-05,
        3.152039025735576e-05,
        1.555232629470993e-05,
        6.757177470717579e-06
      ],
      "mse_std": [
        4.4844769701818035e-05,
        4.999953497060556e-06,
        3.187007681783246e-06,
        1.1528649857021005e-06
      ],
      "params": [
        127,
        256,
        511,
        1024
      ]
    }
  }
}