{
  "CauchyNet-1L": {
    "num_params": 256,
    "mse": [
      0.040109310299158096,
      0.043541256338357925,
      0.04306212440133095,
      0.0418861098587513,
      0.03960759937763214,
      0.041573937982320786,
      0.042363520711660385,
      0.039045289158821106,
      0.03905300050973892,
      0.04214116185903549
    ],
    "mae": [
      0.1454317569732666,
      0.1599072366952896,
      0.16269263625144958,
      0.15017908811569214,
      0.14773574471473694,
      0.155011385679245,
      0.1550731062889099,
      0.14243808388710022,
      0.14077654480934143,
      0.1486530601978302
    ]
  },
  "CauchyNet-2L": {
    "num_params": 4224,
    "mse": [
      0.007582524791359901,
      0.00851973332464695,
      0.045079298317432404,
      0.035600028932094574,
      0.007046942133456469,
      0.05490893870592117,
      0.04414570704102516,
      0.04239194840192795,
      0.04881756007671356,
      0.05879742279648781
    ],
    "mae": [
      0.057379670441150665,
      0.052238889038562775,
      0.14758291840553284,
      0.13038352131843567,
      0.04844985902309418,
      0.15949469804763794,
      0.1660783886909485,
      0.15142114460468292,
      0.14923478662967682,
      0.17338643968105316
    ]
  },
  "CauchyNet-Res": {
    "num_params": 306,
    "mse": [
      0.039788778871297836,
      0.03953931853175163,
      0.04328479245305061,
      0.035833608359098434,
      0.04323487728834152,
      0.04290374368429184,
      0.03983937203884125,
      0.03822813183069229,
      0.04146458953619003,
      0.03629911690950394
    ],
    "mae": [
      0.1463603377342224,
      0.14844056963920593,
      0.15412694215774536,
      0.14491431415081024,
      0.15587235987186432,
      0.1645040512084961,
      0.15015462040901184,
      0.13819433748722076,
      0.15827760100364685,
      0.14218546450138092
    ]
  },
  "CauchyNet-Skip": {
    "num_params": 2304,
    "mse": [
      0.0007118372013792396,
      0.04041629284620285,
      0.038050927221775055,
      0.03740839660167694,
      0.010403607971966267,
      0.04166700318455696,
      0.00033946565235964954,
      0.03863914683461189,
      0.039892811328172684,
      0.0032600373961031437
    ],
    "mae": [
      0.020179083570837975,
      0.14753755927085876,
      0.14783698320388794,
      0.13838692009449005,
      0.07271823287010193,
      0.15899136662483215,
      0.012692357413470745,
      0.14334896206855774,
      0.14927127957344055,
      0.039431605488061905
    ]
  }
}