{
  "Diabetes": {
    "baseline_cauchy": {
      "mse_mean": 5254.9839967099015,
      "mse_std": 1254.2435893516442,
      "mae_mean": 56.69903581619262,
      "mae_std": 4.9097031574268355,
      "num_params": 1408
    },
    "baseline_fnn": {
      "mse_mean": 5920.440459485174,
      "mse_std": 579.7549687093141,
      "mae_mean": 58.651716012954715,
      "mae_std": 3.024876104412471,
      "num_params": 1405
    },
    "tuned_cauchy": {
      "mse_mean": 5007.493479533621,
      "mse_std": 1360.1210470699634,
      "mae_mean": 51.88563869476319,
      "mae_std": 5.8926386098335595,
      "num_params": 704
    },
    "tuned_cfg": {
      "h": 32,
      "lr": 0.05,
      "eps": 3.0,
      "r_im": 0.5
    }
  },
  "California": {
    "baseline_cauchy": {
      "mse_mean": 0.7512561613669291,
      "mse_std": 0.30611605116788937,
      "mae_mean": 0.626120502997923,
      "mae_std": 0.10860059548676249,
      "num_params": 1152
    },
    "baseline_fnn": {
      "mse_mean": 0.578094725567743,
      "mse_std": 0.21582607643124943,
      "mae_mean": 0.5849704588672399,
      "mae_std": 0.09955559460344841,
      "num_params": 1151
    },
    "tuned_cauchy": {
      "mse_mean": 0.6718888789856747,
      "mse_std": 0.24688880083616405,
      "mae_mean": 0.5903085714235783,
      "mae_std": 0.11499705535916158,
      "num_params": 576
    },
    "tuned_cfg": {
      "h": 32,
      "lr": 0.05,
      "eps": 1.0,
      "r_im": 1.5
    }
  },
  "Wine": {
    "baseline_cauchy": {
      "mse_mean": 1.5306474603899283,
      "mse_std": 1.6404273346188096,
      "mae_mean": 0.7216934943199158,
      "mae_std": 0.16383087195121412,
      "num_params": 1536
    },
    "baseline_fnn": {
      "mse_mean": 0.7305761474054616,
      "mse_std": 0.17293057361317027,
      "mae_mean": 0.7125676798820495,
      "mae_std": 0.06114934130338522,
      "num_params": 1535
    },
    "tuned_cauchy": {
      "mse_mean": 0.6792380964871899,
      "mse_std": 0.10663825069506178,
      "mae_mean": 0.6668788647651672,
      "mae_std": 0.04703978856184553,
      "num_params": 768
    },
    "tuned_cfg": {
      "h": 32,
      "lr": 0.05,
      "eps": 1.0,
      "r_im": 1.5
    }
  }
}