{
  "Diabetes": {
    "CauchyNet": {
      "mse_mean": 5206.410205078125,
      "mse_std": 1145.4727764930708,
      "mae_mean": 55.695848846435545,
      "mae_std": 7.236002186927098,
      "num_params": 1408
    },
    "FNN": {
      "mse_mean": 5886.8814453125,
      "mse_std": 585.0945927236093,
      "mae_mean": 58.505001068115234,
      "mae_std": 3.2849826617604587,
      "num_params": 1405
    },
    "Hybrid": {
      "mse_mean": 3640.64833984375,
      "mse_std": 1086.2551038753697,
      "mae_mean": 45.44022064208984,
      "mae_std": 6.892196108025281,
      "num_params": 364
    }
  },
  "California": {
    "CauchyNet": {
      "mse_mean": 0.8617583930492401,
      "mse_std": 0.3922484793674438,
      "mae_mean": 0.7058696031570435,
      "mae_std": 0.12444000309954216,
      "num_params": 1152
    },
    "FNN": {
      "mse_mean": 0.5719490349292755,
      "mse_std": 0.20797627231692983,
      "mae_mean": 0.5781483769416809,
      "mae_std": 0.09301668679066323,
      "num_params": 1151
    },
    "Hybrid": {
      "mse_mean": 0.45145168900489807,
      "mse_std": 0.15462506297820794,
      "mae_mean": 0.4880549550056458,
      "mae_std": 0.07394258107848767,
      "num_params": 356
    }
  },
  "Wine": {
    "CauchyNet": {
      "mse_mean": 1.6981150090694428,
      "mse_std": 2.1074569286219167,
      "mae_mean": 0.709120237827301,
      "mae_std": 0.206614901178151,
      "num_params": 1536
    },
    "FNN": {
      "mse_mean": 0.7722553968429565,
      "mse_std": 0.20950849107653904,
      "mae_mean": 0.7175711512565612,
      "mae_std": 0.05184267565526975,
      "num_params": 1535
    },
    "Hybrid": {
      "mse_mean": 0.5968033194541931,
      "mse_std": 0.04844214575904046,
      "mae_mean": 0.6567606806755066,
      "mae_std": 0.041255502617929096,
      "num_params": 368
    }
  }
}