{
  "Paper 1D target": {
    "CauchyNet": {
      "mse_mean": 0.02845181580632925,
      "mse_std": 0.011030619810873865,
      "mae_mean": 0.12791808731853962,
      "mae_std": 0.03353618658869629,
      "num_params": 256
    },
    "RationalNN": {
      "mse_mean": 0.03516621068120003,
      "mse_std": 0.0009004613606712338,
      "mae_mean": 0.1519555300474167,
      "mae_std": 0.005454365009026523,
      "num_params": 256
    }
  },
  "Near-singular": {
    "CauchyNet": {
      "mse_mean": 0.018191302716149948,
      "mse_std": 0.02068381949644571,
      "mae_mean": 0.07104400694370269,
      "mae_std": 0.06033127257531426,
      "num_params": 256
    },
    "RationalNN": {
      "mse_mean": 0.03544036410748959,
      "mse_std": 0.013559204172214689,
      "mae_mean": 0.13154808953404426,
      "mae_std": 0.0310567298034251,
      "num_params": 256
    }
  },
  "Smooth oscillatory": {
    "CauchyNet": {
      "mse_mean": 0.0515848403214477,
      "mse_std": 0.02516401165956493,
      "mae_mean": 0.1709361681714654,
      "mae_std": 0.07185028513915648,
      "num_params": 256
    },
    "RationalNN": {
      "mse_mean": 0.06513267606496811,
      "mse_std": 0.002448546107153516,
      "mae_mean": 0.20729317218065263,
      "mae_std": 0.006131746917342441,
      "num_params": 256
    }
  }
}