{
  "delta=0.5": {
    "CauchyNet": {
      "mse_mean": 3.3405494014004945e-05,
      "mse_std": 2.129859783637711e-05,
      "num_params": 256
    },
    "FNN": {
      "mse_mean": 6.68811408104375e-05,
      "mse_std": 8.513930046954435e-06,
      "num_params": 256
    }
  },
  "delta=0.2": {
    "CauchyNet": {
      "mse_mean": 4.410539440868888e-05,
      "mse_std": 4.4992965575942545e-05,
      "num_params": 256
    },
    "FNN": {
      "mse_mean": 0.0033023604948539285,
      "mse_std": 0.0012105493851541063,
      "num_params": 256
    }
  },
  "delta=0.1": {
    "CauchyNet": {
      "mse_mean": 0.00018071052138566302,
      "mse_std": 0.0002104693405623859,
      "num_params": 256
    },
    "FNN": {
      "mse_mean": 0.005429933883715421,
      "mse_std": 0.003650378185045762,
      "num_params": 256
    }
  },
  "delta=0.05": {
    "CauchyNet": {
      "mse_mean": 0.003047001110826386,
      "mse_std": 0.008192898240782315,
      "num_params": 256
    },
    "FNN": {
      "mse_mean": 0.008198368409648538,
      "mse_std": 0.003401992722748491,
      "num_params": 256
    }
  },
  "delta=0.02": {
    "CauchyNet": {
      "mse_mean": 0.01570380120538175,
      "mse_std": 0.0038848662445012823,
      "num_params": 256
    },
    "FNN": {
      "mse_mean": 0.0092701967805624,
      "mse_std": 0.0015307511503414833,
      "num_params": 256
    }
  },
  "delta=0.01": {
    "CauchyNet": {
      "mse_mean": 0.014922911766916513,
      "mse_std": 0.0014367805794574717,
      "num_params": 256
    },
    "FNN": {
      "mse_mean": 0.010241524036973714,
      "mse_std": 0.0004539478496356512,
      "num_params": 256
    }
  }
}